use project;

-- init all table
SET FOREIGN_KEY_CHECKS = 0;
TRUNCATE TABLE board;
TRUNCATE TABLE board_type;
TRUNCATE TABLE close_trade;
TRUNCATE TABLE close_trade_member_ids;
TRUNCATE TABLE comment;
TRUNCATE TABLE comment_replies;
TRUNCATE TABLE likes_map;
TRUNCATE TABLE member;
TRUNCATE TABLE member_roles;
TRUNCATE TABLE pending_trade;
TRUNCATE TABLE pending_trade_member;
TRUNCATE TABLE post;
TRUNCATE TABLE post_images;
TRUNCATE TABLE profile;
TRUNCATE TABLE trade_tag;
TRUNCATE TABLE university;
SET FOREIGN_KEY_CHECKS = 1;

INSERT INTO university (id, address, email, name)
VALUES  (2, '서울시 마포구', 'hongik.ac.kr', '홍익대학교'),
        (3, '미국', 'harvard.edu', '하버드대학교'),
        (4, '신촌', 'yeil.edu', '예일대학교'),
        (5, '신촌', 'fringles.edu', '프링스턴대학교');

-- insert new member

INSERT INTO member (id, is_account_non_expired, is_account_non_locked, is_credential_non_expired, is_enable, nickname, password, username, university_id)
VALUES  (1, true, true, true, true, 'test1', '$2a$10$9VV0MyvCNEoJV1jv8RArgu4gqdZ04Bvg8uIhm6aM7io7J7F4N7v7q', 'testuser1', '2'),
        (2, true, true, true, true, 'test2', '$2a$10$9VV0MyvCNEoJV1jv8RArgu4gqdZ04Bvg8uIhm6aM7io7J7F4N7v7q', 'testuser2', '2'),
        (3, true, true, true, true, 'test3', '$2a$10$9VV0MyvCNEoJV1jv8RArgu4gqdZ04Bvg8uIhm6aM7io7J7F4N7v7q', 'testuser3', '2'),
        (4, true, true, true, true, 'test4', '$2a$10$9VV0MyvCNEoJV1jv8RArgu4gqdZ04Bvg8uIhm6aM7io7J7F4N7v7q', 'testuser4', '2'),
        (5, true, true, true, true, 'test5', '$2a$10$9VV0MyvCNEoJV1jv8RArgu4gqdZ04Bvg8uIhm6aM7io7J7F4N7v7q', 'testuser5', '3'),
        (6, true, true, true, true, 'test6', '$2a$10$9VV0MyvCNEoJV1jv8RArgu4gqdZ04Bvg8uIhm6aM7io7J7F4N7v7q', 'testuser6', '3'),
        (7, true, true, true, true, 'test7', '$2a$10$9VV0MyvCNEoJV1jv8RArgu4gqdZ04Bvg8uIhm6aM7io7J7F4N7v7q', 'testuser7', '3'),
        (8, true, true, true, true, 'test8', '$2a$10$9VV0MyvCNEoJV1jv8RArgu4gqdZ04Bvg8uIhm6aM7io7J7F4N7v7q', 'testuser8', '4'),
        (9, true, true, true, true, 'test9', '$2a$10$9VV0MyvCNEoJV1jv8RArgu4gqdZ04Bvg8uIhm6aM7io7J7F4N7v7q', 'testuser9', '4'),
        (10, true, true, true, true, 'test10', '$2a$10$9VV0MyvCNEoJV1jv8RArgu4gqdZ04Bvg8uIhm6aM7io7J7F4N7v7q', 'testuser10', '5');

INSERT INTO profile (id, age, birth, create_at, description, gender, image_url, is_basic_image, name, update_at, email)
VALUES  (1, 26, '1999-08-20', NOW(6), '안녕하세용', '남성', 'fuck you', true, '이상혁', NOW(6), 'm7128226@mail.hongik.ac.kr'),
        (2, 25, '2000-06-27', NOW(6), '옵치 개못하는 사람', '남성', 'fuck you', true, '이재영', NOW(6), 'dioo1461@mail.hongik.ac.kr'),
        (3, 26, '1999-05-12', NOW(6), '아나 무기 산 사람', '남성', 'fuck you', true, '한승훈', NOW(6), 'seonghun@mail.hongik.ac.kr'),
        (4, 26, '1999-06-19', NOW(6), '정크 타이어 장인', '남성', 'fuck you', true, '신승민', NOW(6), 'seongmin@mail.hongik.ac.kr'),
        (5, 56, '1969-09-22', NOW(6), '상혁이 어머니', '여성', 'image', true, '강희양', NOW(6), 'mmurder386@harvard.edu'),
        (6, 20, '1999-08-20', NOW(6), '안녕하세용', '남성', 'fuck you', true, '이면영', NOW(6), 'meonyoung@harvard.edu'),
        (7, 20, '1999-08-20', NOW(6), '안녕하세용', '남성', 'fuck you', true, '윤석렬', NOW(6), 'seokrul@harvard.edu'''),
        (8, 20, '1999-08-20', NOW(6), '안녕하세용', '남성', 'fuck you', true, '이명박', NOW(6), 'meongbak@yeil.edu'),
        (9, 20, '1999-08-20', NOW(6), '안녕하세용', '남성', 'fuck you', true, '김건희', NOW(6), 'gunhee@yeil.edu'),
        (10, 20, '1999-08-20', NOW(6), '안녕하세용', '남성', 'fuck you', true, '조 바이든', NOW(6), 'bidon@fringles.edu');

INSERT INTO member_roles (member_id, roles)
VALUES (1, 'GUEST'),
       (1, 'ADMIN'),
       (2, 'GUEST'),
       (2, 'USER'),
       (3, 'GUEST'),
       (4, 'GUEST'),
       (5, 'GUEST'),
       (6, 'GUEST'),
       (7, 'GUEST'),
       (8, 'GUEST'),
       (9, 'GUEST'),
       (10, 'GUEST');

INSERT INTO board_type (id, description, name, type)
VALUES (1, '자유로운 말을 하는 곳', '자유게시판', 'post'),
       (2, '비밀스런 말을 하는 곳', '비밀게시판', 'post'),
       (3, '공동 구매를 위한 곳', '공동구매 게시판', 'groupTradePost'),
       (4, '중고 거래를 위한 곳', '중고거래 게시판', 'groupTradePost');

INSERT INTO board (id, description, name, board_type_id, university_id)
VALUES (1, 'board', 'hong_free', 1, 2),
       (2, 'board', 'hong_secret', 2, 2),
       (3, 'board', 'hong_group', 3, 2),
       (4, 'board', 'hong_used', 4, 2),
       (5, 'board', 'har_free', 1, 3),
       (6, 'board', 'har_secret', 2, 3),
       (7, 'board', 'har_group', 3, 3),
       (8, 'board', 'har_used', 4, 3),
       (9, 'board', 'ye_free', 1, 4),
       (10, 'board', 'ye_secret', 2, 4),
       (11, 'board', 'ye_group', 3, 4),
       (12, 'board', 'ye_used', 4, 4),
       (13, 'board', 'fe_free', 1, 5),
       (14, 'board', 'fe_secret', 2, 5),
       (15, 'board', 'fe_group', 3, 5),
       (16, 'board', 'fe_used', 4, 5);

INSERT INTO post (post_type, id, board_id, created_date, is_modified, likes, modified_date, text, title, views, author_id, pending_trade_id)
VALUES ('Post', 1, 1, '2024-09-30 10:12:34.123456', false, 15, '2024-09-30 10:12:34.123456', '이것은 첫 번째 글입니다. 매우 흥미로운 내용입니다.', '첫번째 글', 10, 1, null),
       ('Post', 2, 1, '2024-09-30 11:45:00.456789', false, 5, '2024-09-30 11:45:00.456789', '두 번째 글입니다. 더 많은 정보가 포함되어 있습니다.', '두번째 글', 3, 1, null),
       ('Post', 3, 1, '2024-09-30 08:30:11.789123', false, 12, '2024-09-30 08:30:11.789123', '세 번째 글의 내용은 흥미롭습니다.', '세번째 글', 17, 1, null),
       ('Post', 4, 1, '2024-09-30 09:10:22.012345', false, 8, '2024-09-30 09:10:22.012345', '네 번째 글입니다. 많은 정보를 포함하고 있습니다.', '네번째 글', 5, 1, null),
       ('Post', 5, 1, '2024-09-30 14:52:43.543210', false, 20, '2024-09-30 14:52:43.543210', '다섯 번째 글입니다. 매우 중요한 정보가 포함되어 있습니다.', '다섯번째 글', 13, 1, null),
       ('Post', 6, 1, '2024-09-30 07:12:56.098765', false, 3, '2024-09-30 07:12:56.098765', '여섯 번째 글입니다. 잘 읽어보세요.', '여섯번째 글', 9, 1, null),
       ('Post', 7, 1, '2024-09-30 12:21:33.876543', false, 7, '2024-09-30 12:21:33.876543', '일곱 번째 글입니다. 다양한 정보가 있습니다.', '일곱번째 글', 18, 1, null),
       ('Post', 8, 1, '2024-09-30 15:43:12.345678', false, 10, '2024-09-30 15:43:12.345678', '여덟 번째 글입니다. 꼭 읽어보세요.', '여덟번째 글', 7, 1, null),
       ('Post', 9, 1, '2024-09-30 06:34:21.234567', false, 14, '2024-09-30 06:34:21.234567', '아홉 번째 글입니다. 중요한 정보가 있습니다.', '아홉번째 글', 11, 1, null),
       ('Post', 10, 1, '2024-09-30 18:20:12.654321', false, 4, '2024-09-30 18:20:12.654321', '열 번째 글입니다. 잘 읽어보세요.', '열번째 글', 20, 1, null),
       ('Post', 11, 1, '2024-09-30 09:50:13.012345', false, 9, '2024-09-30 09:50:13.012345', '열한 번째 글입니다. 유익한 정보를 제공합니다.', '열한번째 글', 6, 2, null),
       ('Post', 12, 1, '2024-09-30 13:15:26.567890', false, 18, '2024-09-30 13:15:26.567890', '열두 번째 글입니다. 다양한 의견을 포함합니다.', '열두번째 글', 8, 2, null),
       ('Post', 13, 1, '2024-09-30 08:11:37.123456', false, 3, '2024-09-30 08:11:37.123456', '열세 번째 글입니다. 새로운 정보를 제공합니다.', '열세번째 글', 2, 2, null),
       ('Post', 14, 1, '2024-09-30 19:30:50.678901', false, 7, '2024-09-30 19:30:50.678901', '열네 번째 글입니다. 매우 유익합니다.', '열네번째 글', 1, 2, null),
       ('Post', 15, 1, '2024-09-30 16:45:05.234567', false, 10, '2024-09-30 16:45:05.234567', '열다섯 번째 글입니다. 다양한 정보를 제공합니다.', '열다섯번째 글', 12, 2, null),
       ('Post', 16, 1, '2024-09-30 14:01:15.987654', false, 14, '2024-09-30 14:01:15.987654', '열여섯 번째 글입니다. 새로운 시각을 제시합니다.', '열여섯번째 글', 6, 2, null),
       ('Post', 17, 1, '2024-09-30 17:22:43.012345', false, 20, '2024-09-30 17:22:43.012345', '열일곱 번째 글입니다. 유익한 정보를 제공합니다.', '열일곱번째 글', 15, 3, null),
       ('Post', 18, 1, '2024-09-30 08:31:59.456789', false, 4, '2024-09-30 08:31:59.456789', '열여덟 번째 글입니다. 다양한 의견을 포함합니다.', '열여덟번째 글', 7, 3, null),
       ('Post', 19, 1, '2024-09-30 11:45:12.123456', false, 13, '2024-09-30 11:45:12.123456', '열아홉 번째 글입니다. 중요한 정보가 있습니다.', '열아홉번째 글', 11, 3, null),
       ('Post', 20, 1, '2024-09-30 12:51:33.567890', false, 6, '2024-09-30 12:51:33.567890', '스무 번째 글입니다. 다양한 정보를 제공합니다.', '스무번째 글', 9, 3, null),
       ('Post', 21, 1, '2024-09-30 15:15:42.234567', false, 17, '2024-09-30 15:15:42.234567', '스물한 번째 글입니다. 매우 유익합니다.', '스물한번째 글', 14, 3, null),
       ('Post', 22, 1, '2024-09-30 18:10:11.876543', false, 5, '2024-09-30 18:10:11.876543', '스물두 번째 글입니다. 새로운 시각을 제공합니다.', '스물두번째 글', 2, 3, null),
       ('Post', 23, 1, '2024-09-30 20:20:20.543210', false, 8, '2024-09-30 20:20:20.543210', '스물세 번째 글입니다. 흥미로운 내용을 제공합니다.', '스물세번째 글', 13, 3, null),
       ('Post', 24, 1, '2024-09-30 09:12:34.456789', false, 2, '2024-09-30 09:12:34.456789', '스물네 번째 글입니다. 유익한 정보가 포함되어 있습니다.', '스물네번째 글', 4, 4, null),
       ('Post', 25, 1, '2024-09-30 10:45:12.123456', false, 10, '2024-09-30 10:45:12.123456', '스물다섯 번째 글입니다. 새로운 정보를 제공합니다.', '스물다섯번째 글', 17, 4, null),
       ('Post', 26, 1, '2024-09-30 14:30:50.678901', false, 6, '2024-09-30 14:30:50.678901', '스물여섯 번째 글입니다. 다양한 정보를 제공합니다.', '스물여섯번째 글', 7, 4, null),
       ('Post', 27, 1, '2024-09-30 13:45:05.234567', false, 9, '2024-09-30 13:45:05.234567', '스물일곱 번째 글입니다. 흥미로운 내용을 제공합니다.', '스물일곱번째 글', 5, 4, null),
       ('Post', 28, 1, '2024-09-30 17:12:43.012345', false, 11, '2024-09-30 17:12:43.012345', '스물여덟 번째 글입니다. 유익한 정보를 제공합니다.', '스물여덟번째 글', 3, 4, null),
       ('Post', 29, 1, '2024-09-30 18:51:59.456789', false, 14, '2024-09-30 18:51:59.456789', '스물아홉 번째 글입니다. 중요한 정보가 포함되어 있습니다.', '스물아홉번째 글', 18, 4, null),
       ('Post', 30, 1, '2024-09-30 15:15:33.567890', false, 20, '2024-09-30 15:15:33.567890', '서른 번째 글입니다. 매우 유익합니다.', '서른번째 글', 16, 4, null),

       ('Post', 31, 2, '2024-09-30 08:30:11.123456', false, 5, '2024-09-30 08:30:11.123456', '새로운 글 31번째입니다. 흥미로운 정보를 담고 있습니다.', '글 제목 31', 10, 1, null),
       ('Post', 32, 2, '2024-09-30 09:15:44.987654', false, 8, '2024-09-30 09:15:44.987654', '이 글은 32번째 글입니다. 다양한 정보를 포함하고 있습니다.', '글 제목 32', 14, 2, null),
       ('Post', 33, 2, '2024-09-30 10:45:23.654321', false, 6, '2024-09-30 10:45:23.654321', '33번째 글입니다. 다양한 의견을 제공하고 있습니다.', '글 제목 33', 9, 3, null),
       ('Post', 34, 2, '2024-09-30 11:12:56.456789', false, 3, '2024-09-30 11:12:56.456789', '34번째 글은 매우 유익한 정보를 포함하고 있습니다.', '글 제목 34', 5, 4, null),
       ('Post', 35, 2, '2024-09-30 12:22:33.345678', false, 13, '2024-09-30 12:22:33.345678', '35번째 글입니다. 좋은 정보가 있습니다.', '글 제목 35', 15, 1, null),
       ('Post', 36, 2, '2024-09-30 13:10:22.123456', false, 7, '2024-09-30 13:10:22.123456', '36번째 글입니다. 꼭 읽어보세요.', '글 제목 36', 12, 2, null),
       ('Post', 37, 2, '2024-09-30 14:05:19.987654', false, 4, '2024-09-30 14:05:19.987654', '37번째 글입니다. 흥미로운 내용을 담고 있습니다.', '글 제목 37', 8, 3, null),
       ('Post', 38, 2, '2024-09-30 15:17:29.345678', false, 2, '2024-09-30 15:17:29.345678', '38번째 글입니다. 다양한 의견을 제공합니다.', '글 제목 38', 4, 4, null),
       ('Post', 39, 2, '2024-09-30 16:45:30.654321', false, 10, '2024-09-30 16:45:30.654321', '39번째 글입니다. 새로운 정보를 제공합니다.', '글 제목 39', 6, 1, null),
       ('Post', 40, 2, '2024-09-30 17:35:11.789123', false, 15, '2024-09-30 17:35:11.789123', '40번째 글입니다. 유익한 정보를 포함하고 있습니다.', '글 제목 40', 18, 2, null),
       ('Post', 41, 2, '2024-09-30 18:25:45.123456', false, 8, '2024-09-30 18:25:45.123456', '41번째 글입니다. 유익한 정보가 많습니다.', '글 제목 41', 3, 3, null),
       ('Post', 42, 2, '2024-09-30 19:10:34.987654', false, 4, '2024-09-30 19:10:34.987654', '42번째 글입니다. 꼭 확인하세요.', '글 제목 42', 11, 4, null),
       ('Post', 43, 2, '2024-09-30 20:05:50.876543', false, 9, '2024-09-30 20:05:50.876543', '43번째 글입니다. 많은 정보를 담고 있습니다.', '글 제목 43', 7, 1, null),
       ('Post', 44, 2, '2024-09-30 21:22:45.345678', false, 12, '2024-09-30 21:22:45.345678', '44번째 글입니다. 좋은 정보가 있습니다.', '글 제목 44', 5, 2, null),
       ('Post', 45, 2, '2024-09-30 22:30:12.234567', false, 16, '2024-09-30 22:30:12.234567', '45번째 글입니다. 유익한 정보를 제공합니다.', '글 제목 45', 14, 3, null),
       ('Post', 46, 2, '2024-09-30 23:12:43.123456', false, 6, '2024-09-30 23:12:43.123456', '46번째 글입니다. 다양한 정보가 있습니다.', '글 제목 46', 19, 4, null),
       ('Post', 47, 2, '2024-09-30 23:59:59.654321', false, 17, '2024-09-30 23:59:59.654321', '47번째 글입니다. 매우 흥미롭습니다.', '글 제목 47', 2, 1, null),
       ('Post', 48, 2, '2024-09-30 01:12:34.876543', false, 3, '2024-09-30 01:12:34.876543', '48번째 글입니다. 많은 정보가 담겨있습니다.', '글 제목 48', 9, 2, null),
       ('Post', 49, 2, '2024-09-30 02:45:22.345678', false, 7, '2024-09-30 02:45:22.345678', '49번째 글입니다. 다양한 의견을 제공합니다.', '글 제목 49', 6, 3, null),
       ('Post', 50, 2, '2024-09-30 03:22:12.987654', false, 20, '2024-09-30 03:22:12.987654', '50번째 글입니다. 유익한 정보가 가득합니다.', '글 제목 50', 13, 4, null),

       ('Post', 51, 5, '2024-09-30 08:30:11.123456', false, 12, '2024-09-30 08:30:11.123456', '하버드 글 51번째입니다. 흥미로운 내용을 담고 있습니다.', '하버드 글 51', 10, 5, null),
       ('Post', 52, 5, '2024-09-30 09:15:44.987654', false, 7, '2024-09-30 09:15:44.987654', '하버드 글 52번째입니다. 다양한 정보가 포함되어 있습니다.', '하버드 글 52', 14, 6, null),
       ('Post', 53, 5, '2024-09-30 10:45:23.654321', false, 6, '2024-09-30 10:45:23.654321', '하버드 글 53번째입니다. 여러 의견이 담겨 있습니다.', '하버드 글 53', 9, 7, null),
       ('Post', 54, 5, '2024-09-30 11:12:56.456789', false, 3, '2024-09-30 11:12:56.456789', '하버드 글 54번째입니다. 매우 유익한 정보가 포함되어 있습니다.', '하버드 글 54', 5, 5, null),
       ('Post', 55, 5, '2024-09-30 12:22:33.345678', false, 13, '2024-09-30 12:22:33.345678', '하버드 글 55번째입니다. 유익한 정보를 제공합니다.', '하버드 글 55', 15, 6, null),
       ('Post', 56, 5, '2024-09-30 13:10:22.123456', false, 7, '2024-09-30 13:10:22.123456', '하버드 글 56번째입니다. 재미있는 내용입니다.', '하버드 글 56', 12, 7, null),
       ('Post', 57, 5, '2024-09-30 14:05:19.987654', false, 4, '2024-09-30 14:05:19.987654', '하버드 글 57번째입니다. 다양한 정보를 제공합니다.', '하버드 글 57', 8, 5, null),
       ('Post', 58, 5, '2024-09-30 15:17:29.345678', false, 2, '2024-09-30 15:17:29.345678', '하버드 글 58번째입니다. 꼭 확인하세요.', '하버드 글 58', 4, 6, null),
       ('Post', 59, 5, '2024-09-30 16:45:30.654321', false, 10, '2024-09-30 16:45:30.654321', '하버드 글 59번째입니다. 새로운 정보가 담겨 있습니다.', '하버드 글 59', 6, 7, null),
       ('Post', 60, 5, '2024-09-30 17:35:11.789123', false, 15, '2024-09-30 17:35:11.789123', '하버드 글 60번째입니다. 매우 유익한 내용을 포함합니다.', '하버드 글 60', 18, 5, null),

       ('Post', 61, 6, '2024-09-30 08:25:45.456789', false, 8, '2024-09-30 08:25:45.456789', '하버드 비밀글 61번째입니다.', '하버드 비밀글 61', 3, 6, null),
       ('Post', 62, 6, '2024-09-30 09:45:34.654321', false, 4, '2024-09-30 09:45:34.654321', '하버드 비밀글 62번째입니다.', '하버드 비밀글 62', 11, 7, null),
       ('Post', 63, 6, '2024-09-30 10:30:22.234567', false, 9, '2024-09-30 10:30:22.234567', '하버드 비밀글 63번째입니다.', '하버드 비밀글 63', 7, 5, null),
       ('Post', 64, 6, '2024-09-30 11:12:12.987654', false, 12, '2024-09-30 11:12:12.987654', '하버드 비밀글 64번째입니다.', '하버드 비밀글 64', 5, 6, null),
       ('Post', 65, 6, '2024-09-30 12:35:50.876543', false, 5, '2024-09-30 12:35:50.876543', '하버드 비밀글 65번째입니다.', '하버드 비밀글 65', 7, 7, null),
       ('Post', 66, 6, '2024-09-30 13:22:45.345678', false, 11, '2024-09-30 13:22:45.345678', '하버드 비밀글 66번째입니다.', '하버드 비밀글 66', 5, 5, null),
       ('Post', 67, 6, '2024-09-30 14:30:12.234567', false, 16, '2024-09-30 14:30:12.234567', '하버드 비밀글 67번째입니다.', '하버드 비밀글 67', 14, 6, null),
       ('Post', 68, 6, '2024-09-30 15:12:43.123456', false, 6, '2024-09-30 15:12:43.123456', '하버드 비밀글 68번째입니다.', '하버드 비밀글 68', 19, 7, null),
       ('Post', 69, 6, '2024-09-30 15:59:59.654321', false, 17, '2024-09-30 15:59:59.654321', '하버드 비밀글 69번째입니다.', '하버드 비밀글 69', 2, 5, null),
       ('Post', 70, 6, '2024-09-30 16:12:34.876543', false, 3, '2024-09-30 16:12:34.876543', '하버드 비밀글 70번째입니다.', '하버드 비밀글 70', 9, 6, null),

       ('Post', 71, 9, '2024-09-30 08:30:11.123456', false, 12, '2024-09-30 08:30:11.123456', '예일대 글 1번째입니다. 흥미로운 내용을 담고 있습니다.', '하버드 글 1', 10, 9, null),
       ('Post', 72, 9, '2024-09-30 09:15:44.987654', false, 7, '2024-09-30 09:15:44.987654', '예일대 글 2번째입니다. 다양한 정보가 포함되어 있습니다.', '하버드 글 2', 14, 8, null),
       ('Post', 73, 9, '2024-09-30 10:45:23.654321', false, 6, '2024-09-30 10:45:23.654321', '예일대 글 3번째입니다. 여러 의견이 담겨 있습니다.', '하버드 글 3', 9, 8, null),
       ('Post', 74, 9, '2024-09-30 11:12:56.456789', false, 3, '2024-09-30 11:12:56.456789', '예일대 글 4번째입니다. 매우 유익한 정보가 포함되어 있습니다.', '하버드 글 4', 9, 9, null),
       ('Post', 75, 9, '2024-09-30 12:22:33.345678', false, 13, '2024-09-30 12:22:33.345678', '예일대 글 5번째입니다. 유익한 정보를 제공합니다.', '하버드 글 5', 15, 9, null),
       ('Post', 76, 9, '2024-09-30 13:10:22.123456', false, 7, '2024-09-30 13:10:22.123456', '예일대 글 6번째입니다. 재미있는 내용입니다.', '하버드 글 6', 12, 9, null),
       ('Post', 77, 9, '2024-09-30 14:05:19.987654', false, 4, '2024-09-30 14:05:19.987654', '예일대 글 7번째입니다. 다양한 정보를 제공합니다.', '하버드 글 7', 8, 8, null),
       ('Post', 78, 9, '2024-09-30 15:17:29.345678', false, 2, '2024-09-30 15:17:29.345678', '예일대 글 8번째입니다. 꼭 확인하세요.', '하버드 글 8', 4, 8, null),
       ('Post', 79, 9, '2024-09-30 16:45:30.654321', false, 10, '2024-09-30 16:45:30.654321', '예일대 글 9번째입니다. 새로운 정보가 담겨 있습니다.', '하버드 글 9', 8, 8, null),
       ('Post', 80, 9, '2024-09-30 17:35:11.789123', false, 15, '2024-09-30 17:35:11.789123', '예일대 글 10번째입니다. 매우 유익한 내용을 포함합니다.', '하버드 글 10', 18, 9, null),

       ('Post', 81, 10, '2024-09-30 08:25:45.456789', false, 8, '2024-09-30 08:25:45.456789', '예일대 비밀글 1번째입니다.', '하버드 비밀글 1', 3, 6, null),
       ('Post', 82, 10, '2024-09-30 09:45:34.654321', false, 4, '2024-09-30 09:45:34.654321', '예일대 비밀글 2번째입니다.', '하버드 비밀글 2', 11, 7, null),
       ('Post', 83, 10, '2024-09-30 10:30:22.234567', false, 9, '2024-09-30 10:30:22.234567', '예일대 비밀글 3번째입니다.', '하버드 비밀글 3', 7, 5, null),
       ('Post', 84, 10, '2024-09-30 11:12:12.987654', false, 12, '2024-09-30 11:12:12.987654', '예일대 비밀글 4번째입니다.', '하버드 비밀글 4', 5, 6, null),
       ('Post', 85, 10, '2024-09-30 12:35:50.876543', false, 5, '2024-09-30 12:35:50.876543', '예일대 비밀글 5번째입니다.', '하버드 비밀글 5', 7, 7, null),
       ('Post', 86, 10, '2024-09-30 13:22:45.345678', false, 11, '2024-09-30 13:22:45.345678', '예일대 비밀글 6번째입니다.', '하버드 비밀글 6', 5, 5, null),
       ('Post', 87, 10, '2024-09-30 14:30:12.234567', false, 16, '2024-09-30 14:30:12.234567', '예일대 비밀글 7번째입니다.', '하버드 비밀글 7', 14, 6, null),
       ('Post', 88, 10, '2024-09-30 15:12:43.123456', false, 6, '2024-09-30 15:12:43.123456', '예일대 비밀글 8번째입니다.', '하버드 비밀글 8', 19, 7, null),
       ('Post', 89, 10, '2024-09-30 15:59:59.654321', false, 17, '2024-09-30 15:59:59.654321', '예일대 비밀글 9번째입니다.', '하버드 비밀글 9', 2, 5, null),
       ('Post', 90, 10, '2024-09-30 16:12:34.876543', false, 3, '2024-09-30 16:12:34.876543', '예일대 비밀글 10번째입니다.', '하버드 비밀글 10', 9, 6, null);

INSERT INTO trade_tag (name)
VALUES ('신선식품'),
       ('가공식품'),
       ('음료/물'),
       ('의약폼'),
       ('전자기기'),
       ('일회용품'),
       ('쿠폰'),
       ('기타');

INSERT INTO pending_trade (id, count, due_date, finish_trade_at, is_fin, item, joins, location, price, start_trade_at, wanted, link_url, owner_id, tag_id)
VALUES
    (1, 4, DATE_ADD(NOW(), INTERVAL FLOOR(7 + RAND() * 7) DAY), NULL, false, '쿠폰', 0, '대전광역시', 11267, NOW(), 4, 'http://example.com/1', 1, '쿠폰'),
    (2, 3, DATE_ADD(NOW(), INTERVAL FLOOR(7 + RAND() * 7) DAY), NULL, false, '신선식품', 0, '울산광역시', 17791, NOW(), 2, 'http://example.com/2', 1, '신선식품'),
    (3, 5, DATE_ADD(NOW(), INTERVAL FLOOR(7 + RAND() * 7) DAY), NULL, false, '의약폼', 0, '울산광역시', 15415, NOW(), 5, 'http://example.com/3', 1, '의약폼'),
    (4, 2, DATE_ADD(NOW(), INTERVAL FLOOR(7 + RAND() * 7) DAY), NULL, false, '가공식품', 0, '대전광역시', 8543, NOW(), 2, 'http://example.com/4', 1, '가공식품'),
    (5, 2, DATE_ADD(NOW(), INTERVAL FLOOR(7 + RAND() * 7) DAY), NULL, false, '가공식품', 0, '울산광역시', 19842, NOW(), 5, 'http://example.com/5', 1, '가공식품'),
    (6, 5, DATE_ADD(NOW(), INTERVAL FLOOR(7 + RAND() * 7) DAY), NULL, false, '가공식품', 3, '세종특별자치시', 14420, NOW(), 5, 'http://example.com/6', 1, '가공식품'),
    (7, 4, DATE_ADD(NOW(), INTERVAL FLOOR(7 + RAND() * 7) DAY), NULL, false, '기타', 2, '울산광역시', 12609, NOW(), 3, 'http://example.com/7', 1, '기타'),
    (8, 3, DATE_ADD(NOW(), INTERVAL FLOOR(7 + RAND() * 7) DAY), NULL, false, '의약폼', 1, '서울특별시', 15208, NOW(), 2, 'http://example.com/8', 1, '의약폼'),
    (9, 5, DATE_ADD(NOW(), INTERVAL FLOOR(7 + RAND() * 7) DAY), NULL, false, '전자기기', 0, '강원도', 18511, NOW(), 4, 'http://example.com/9', 1, '전자기기'),
    (10, 5, DATE_ADD(NOW(), INTERVAL FLOOR(7 + RAND() * 7) DAY), NULL, false, '일회용품', 1, '부산광역시', 8979, NOW(), 2, 'http://example.com/10', 1, '일회용품'),
    (11, 2, DATE_ADD(NOW(), INTERVAL FLOOR(7 + RAND() * 7) DAY), NULL, false, '전자기기', 4, '서울특별시', 17612, NOW(), 5, 'http://example.com/11', 1, '전자기기'),
    (12, 4, DATE_ADD(NOW(), INTERVAL FLOOR(7 + RAND() * 7) DAY), NULL, false, '전자기기', 4, '인천광역시', 8279, NOW(), 5, 'http://example.com/12', 1, '전자기기'),
    (13, 3, DATE_ADD(NOW(), INTERVAL FLOOR(7 + RAND() * 7) DAY), NULL, false, '가공식품', 2, '부산광역시', 15706, NOW(), 3, 'http://example.com/13', 2, '가공식품'),
    (14, 3, DATE_ADD(NOW(), INTERVAL FLOOR(7 + RAND() * 7) DAY), NULL, false, '일회용품', 0, '부산광역시', 7407, NOW(), 3, 'http://example.com/14', 2, '일회용품'),
    (15, 5, DATE_ADD(NOW(), INTERVAL FLOOR(7 + RAND() * 7) DAY), NULL, false, '가공식품', 0, '강원도', 12414, NOW(), 4, 'http://example.com/15', 2, '가공식품'),
    (16, 2, DATE_ADD(NOW(), INTERVAL FLOOR(7 + RAND() * 7) DAY), NULL, false, '일회용품', 2, '강원도', 8191, NOW(), 3, 'http://example.com/16', 2, '일회용품'),
    (17, 4, DATE_ADD(NOW(), INTERVAL FLOOR(7 + RAND() * 7) DAY), NULL, false, '전자기기', 1, '대전광역시', 14834, NOW(), 3, 'http://example.com/17', 2, '전자기기'),
    (18, 4, DATE_ADD(NOW(), INTERVAL FLOOR(7 + RAND() * 7) DAY), NULL, false, '신선식품', 2, '세종특별자치시', 13966, NOW(), 3, 'http://example.com/18', 2, '신선식품'),
    (19, 4, DATE_ADD(NOW(), INTERVAL FLOOR(7 + RAND() * 7) DAY), NULL, false, '가공식품', 1, '세종특별자치시', 11756, NOW(), 2, 'http://example.com/19', 2, '가공식품'),
    (20, 2, DATE_ADD(NOW(), INTERVAL FLOOR(7 + RAND() * 7) DAY), NULL, false, '음료/물', 3, '광주광역시', 15616, NOW(), 4, 'http://example.com/20', 2, '음료/물'),
    (21, 5, DATE_ADD(NOW(), INTERVAL FLOOR(7 + RAND() * 7) DAY), NULL, false, '가공식품', 2, '울산광역시', 18742, NOW(), 4, 'http://example.com/21', 2, '가공식품'),
    (22, 5, DATE_ADD(NOW(), INTERVAL FLOOR(7 + RAND() * 7) DAY), NULL, false, '쿠폰', 3, '부산광역시', 11165, NOW(), 5, 'http://example.com/22', 2, '쿠폰'),
    (23, 2, DATE_ADD(NOW(), INTERVAL FLOOR(7 + RAND() * 7) DAY), NULL, false, '의약폼', 1, '대전광역시', 12691, NOW(), 4, 'http://example.com/23', 2, '의약폼'),
    (24, 2, DATE_ADD(NOW(), INTERVAL FLOOR(7 + RAND() * 7) DAY), NULL, false, '신선식품', 0, '부산광역시', 10080, NOW(), 2, 'http://example.com/24', 2, '신선식품'),
    (25, 5, DATE_ADD(NOW(), INTERVAL FLOOR(7 + RAND() * 7) DAY), NULL, false, '일회용품', 1, '강원도', 7081, NOW(), 4, 'http://example.com/25', 3, '일회용품'),
    (26, 3, DATE_ADD(NOW(), INTERVAL FLOOR(7 + RAND() * 7) DAY), NULL, false, '일회용품', 2, '대전광역시', 6059, NOW(), 4, 'http://example.com/26', 3, '일회용품'),
    (27, 4, DATE_ADD(NOW(), INTERVAL FLOOR(7 + RAND() * 7) DAY), NULL, false, '기타', 0, '인천광역시', 10247, NOW(), 3, 'http://example.com/27', 3, '기타'),
    (28, 5, DATE_ADD(NOW(), INTERVAL FLOOR(7 + RAND() * 7) DAY), NULL, false, '기타', 2, '경기도', 9788, NOW(), 3, 'http://example.com/28', 3, '기타'),
    (29, 5, DATE_ADD(NOW(), INTERVAL FLOOR(7 + RAND() * 7) DAY), NULL, false, '의약폼', 1, '강원도', 11620, NOW(), 2, 'http://example.com/29', 3, '의약폼'),
    (30, 2, DATE_ADD(NOW(), INTERVAL FLOOR(7 + RAND() * 7) DAY), NULL, false, '음료/물', 3, '울산광역시', 16770, NOW(), 4, 'http://example.com/30', 3, '음료/물'),
    (31, 5, DATE_ADD(NOW(), INTERVAL FLOOR(7 + RAND() * 7) DAY), NULL, false, '일회용품', 1, '세종특별자치시', 8278, NOW(), 3, 'http://example.com/31', 3, '일회용품'),
    (32, 3, DATE_ADD(NOW(), INTERVAL FLOOR(7 + RAND() * 7) DAY), NULL, false, '전자기기', 2, '대전광역시', 9394, NOW(), 4, 'http://example.com/32', 3, '전자기기'),
    (33, 5, DATE_ADD(NOW(), INTERVAL FLOOR(7 + RAND() * 7) DAY), NULL, false, '의약폼', 2, '서울특별시', 16337, NOW(), 5, 'http://example.com/33', 3, '의약폼'),
    (34, 5, DATE_ADD(NOW(), INTERVAL FLOOR(7 + RAND() * 7) DAY), NULL, false, '의약폼', 1, '광주광역시', 10853, NOW(), 4, 'http://example.com/34', 3, '의약폼'),
    (35, 2, DATE_ADD(NOW(), INTERVAL FLOOR(7 + RAND() * 7) DAY), NULL, false, '의약폼', 2, '대구광역시', 19838, NOW(), 3, 'http://example.com/35', 3, '의약폼'),
    (36, 5, DATE_ADD(NOW(), INTERVAL FLOOR(7 + RAND() * 7) DAY), NULL, false, '전자기기', 2, '강원도', 5582, NOW(), 3, 'http://example.com/36', 3, '전자기기'),
    (37, 5, DATE_ADD(NOW(), INTERVAL FLOOR(7 + RAND() * 7) DAY), NULL, false, '신선식품', 0, '강원도', 17865, NOW(), 5, 'http://example.com/37', 4, '신선식품'),
    (38, 4, DATE_ADD(NOW(), INTERVAL FLOOR(7 + RAND() * 7) DAY), NULL, false, '일회용품', 0, '대구광역시', 9270, NOW(), 4, 'http://example.com/38', 4, '일회용품'),
    (39, 3, DATE_ADD(NOW(), INTERVAL FLOOR(7 + RAND() * 7) DAY), NULL, false, '신선식품', 2, '대전광역시', 5437, NOW(), 3, 'http://example.com/39', 4, '신선식품'),
    (40, 5, DATE_ADD(NOW(), INTERVAL FLOOR(7 + RAND() * 7) DAY), NULL, false, '기타', 0, '대전광역시', 17308, NOW(), 2, 'http://example.com/40', 4, '기타'),
    (41, 2, DATE_ADD(NOW(), INTERVAL FLOOR(7 + RAND() * 7) DAY), NULL, false, '전자기기', 1, '대구광역시', 14076, NOW(), 2, 'http://example.com/41', 4, '전자기기'),
    (42, 2, DATE_ADD(NOW(), INTERVAL FLOOR(7 + RAND() * 7) DAY), NULL, false, '음료/물', 3, '부산광역시', 15348, NOW(), 4, 'http://example.com/42', 4, '음료/물'),
    (43, 2, DATE_ADD(NOW(), INTERVAL FLOOR(7 + RAND() * 7) DAY), NULL, false, '쿠폰', 1, '대전광역시', 9597, NOW(), 4, 'http://example.com/43', 4, '쿠폰'),
    (44, 3, DATE_ADD(NOW(), INTERVAL FLOOR(7 + RAND() * 7) DAY), NULL, false, '가공식품', 2, '부산광역시', 15350, NOW(), 4, 'http://example.com/44', 4, '가공식품'),
    (45, 5, DATE_ADD(NOW(), INTERVAL FLOOR(7 + RAND() * 7) DAY), NULL, false, '신선식품', 3, '서울특별시', 14296, NOW(), 5, 'http://example.com/45', 4, '신선식품'),
    (46, 3, DATE_ADD(NOW(), INTERVAL FLOOR(7 + RAND() * 7) DAY), NULL, false, '전자기기', 1, '경기도', 13618, NOW(), 3, 'http://example.com/46', 4, '전자기기'),
    (47, 3, DATE_ADD(NOW(), INTERVAL FLOOR(7 + RAND() * 7) DAY), NULL, false, '의약폼', 0, '서울특별시', 11946, NOW(), 4, 'http://example.com/47', 4, '의약폼'),
    (48, 4, DATE_ADD(NOW(), INTERVAL FLOOR(7 + RAND() * 7) DAY), NULL, false, '쿠폰', 2, '인천광역시', 5903, NOW(), 3, 'http://example.com/48', 4, '쿠폰'),
    (49, 2, DATE_ADD(NOW(), INTERVAL FLOOR(7 + RAND() * 7) DAY), NULL, false, '신선식품', 1, '대전광역시', 14200, NOW(), 2, 'http://example.com/49', 5, '신선식품'),
    (50, 2, DATE_ADD(NOW(), INTERVAL FLOOR(7 + RAND() * 7) DAY), NULL, false, '전자기기', 0, '서울특별시', 5353, NOW(), 2, 'http://example.com/50', 5, '전자기기'),
    (51, 4, DATE_ADD(NOW(), INTERVAL FLOOR(7 + RAND() * 7) DAY), NULL, false, '음료/물', 0, '대전광역시', 10016, NOW(), 5, 'http://example.com/51', 5, '음료/물'),
    (52, 4, DATE_ADD(NOW(), INTERVAL FLOOR(7 + RAND() * 7) DAY), NULL, false, '일회용품', 2, '서울특별시', 13730, NOW(), 4, 'http://example.com/52', 5, '일회용품'),
    (53, 5, DATE_ADD(NOW(), INTERVAL FLOOR(7 + RAND() * 7) DAY), NULL, false, '기타', 1, '울산광역시', 16818, NOW(), 2, 'http://example.com/53', 5, '기타'),
    (54, 3, DATE_ADD(NOW(), INTERVAL FLOOR(7 + RAND() * 7) DAY), NULL, false, '의약폼', 0, '서울특별시', 19263, NOW(), 5, 'http://example.com/54', 5, '의약폼'),
    (55, 5, DATE_ADD(NOW(), INTERVAL FLOOR(7 + RAND() * 7) DAY), NULL, false, '음료/물', 0, '인천광역시', 10374, NOW(), 2, 'http://example.com/55', 6, '음료/물'),
    (56, 2, DATE_ADD(NOW(), INTERVAL FLOOR(7 + RAND() * 7) DAY), NULL, false, '신선식품', 1, '인천광역시', 16261, NOW(), 3, 'http://example.com/56', 6, '신선식품'),
    (57, 2, DATE_ADD(NOW(), INTERVAL FLOOR(7 + RAND() * 7) DAY), NULL, false, '기타', 1, '부산광역시', 5556, NOW(), 2, 'http://example.com/57', 6, '기타'),
    (58, 2, DATE_ADD(NOW(), INTERVAL FLOOR(7 + RAND() * 7) DAY), NULL, false, '일회용품', 0, '서울특별시', 15836, NOW(), 3, 'http://example.com/58', 6, '일회용품'),
    (59, 3, DATE_ADD(NOW(), INTERVAL FLOOR(7 + RAND() * 7) DAY), NULL, false, '신선식품', 0, '대전광역시', 8717, NOW(), 3, 'http://example.com/59', 6, '신선식품'),
    (60, 3, DATE_ADD(NOW(), INTERVAL FLOOR(7 + RAND() * 7) DAY), NULL, false, '음료/물', 1, '강원도', 14478, NOW(), 2, 'http://example.com/60', 6, '음료/물'),
    (61, 5, DATE_ADD(NOW(), INTERVAL FLOOR(7 + RAND() * 7) DAY), NULL, false, '음료/물', 3, '강원도', 5943, NOW(), 4, 'http://example.com/61', 7, '음료/물'),
    (62, 5, DATE_ADD(NOW(), INTERVAL FLOOR(7 + RAND() * 7) DAY), NULL, false, '기타', 0, '강원도', 16848, NOW(), 2, 'http://example.com/62', 7, '기타'),
    (63, 2, DATE_ADD(NOW(), INTERVAL FLOOR(7 + RAND() * 7) DAY), NULL, false, '가공식품', 1, '강원도', 15643, NOW(), 2, 'http://example.com/63', 7, '가공식품'),
    (64, 2, DATE_ADD(NOW(), INTERVAL FLOOR(7 + RAND() * 7) DAY), NULL, false, '일회용품', 1, '울산광역시', 5139, NOW(), 4, 'http://example.com/64', 7, '일회용품'),
    (65, 5, DATE_ADD(NOW(), INTERVAL FLOOR(7 + RAND() * 7) DAY), NULL, false, '가공식품', 0, '경기도', 19373, NOW(), 2, 'http://example.com/65', 7, '가공식품'),
    (66, 2, DATE_ADD(NOW(), INTERVAL FLOOR(7 + RAND() * 7) DAY), NULL, false, '기타', 1, '부산광역시', 16834, NOW(), 3, 'http://example.com/66', 7, '기타'),
    (67, 3, DATE_ADD(NOW(), INTERVAL FLOOR(7 + RAND() * 7) DAY), NULL, false, '기타', 1, '강원도', 8020, NOW(), 5, 'http://example.com/67', 8, '기타'),
    (68, 5, DATE_ADD(NOW(), INTERVAL FLOOR(7 + RAND() * 7) DAY), NULL, false, '쿠폰', 1, '울산광역시', 11877, NOW(), 5, 'http://example.com/68', 8, '쿠폰'),
    (69, 5, DATE_ADD(NOW(), INTERVAL FLOOR(7 + RAND() * 7) DAY), NULL, false, '음료/물', 0, '인천광역시', 17837, NOW(), 2, 'http://example.com/69', 8, '음료/물'),
    (70, 3, DATE_ADD(NOW(), INTERVAL FLOOR(7 + RAND() * 7) DAY), NULL, false, '쿠폰', 1, '울산광역시', 13511, NOW(), 2, 'http://example.com/70', 8, '쿠폰'),
    (71, 3, DATE_ADD(NOW(), INTERVAL FLOOR(7 + RAND() * 7) DAY), NULL, false, '전자기기', 2, '서울특별시', 13807, NOW(), 3, 'http://example.com/71', 8, '전자기기'),
    (72, 5, DATE_ADD(NOW(), INTERVAL FLOOR(7 + RAND() * 7) DAY), NULL, false, '가공식품', 1, '대전광역시', 7313, NOW(), 3, 'http://example.com/72', 8, '가공식품'),
    (73, 2, DATE_ADD(NOW(), INTERVAL FLOOR(7 + RAND() * 7) DAY), NULL, false, '가공식품', 0, '대구광역시', 5420, NOW(), 3, 'http://example.com/73', 8, '가공식품'),
    (74, 3, DATE_ADD(NOW(), INTERVAL FLOOR(7 + RAND() * 7) DAY), NULL, false, '전자기기', 2, '경기도', 19481, NOW(), 5, 'http://example.com/74', 8, '전자기기'),
    (75, 2, DATE_ADD(NOW(), INTERVAL FLOOR(7 + RAND() * 7) DAY), NULL, false, '기타', 0, '경기도', 9537, NOW(), 2, 'http://example.com/75', 8, '기타'),
    (76, 3, DATE_ADD(NOW(), INTERVAL FLOOR(7 + RAND() * 7) DAY), NULL, false, '음료/물', 4, '대전광역시', 17497, NOW(), 5, 'http://example.com/76', 8, '음료/물'),
    (77, 3, DATE_ADD(NOW(), INTERVAL FLOOR(7 + RAND() * 7) DAY), NULL, false, '의약폼', 3, '광주광역시', 10303, NOW(), 4, 'http://example.com/77', 9, '의약폼'),
    (78, 5, DATE_ADD(NOW(), INTERVAL FLOOR(7 + RAND() * 7) DAY), NULL, false, '의약폼', 2, '인천광역시', 15133, NOW(), 5, 'http://example.com/78', 9, '의약폼'),
    (79, 4, DATE_ADD(NOW(), INTERVAL FLOOR(7 + RAND() * 7) DAY), NULL, false, '가공식품', 1, '서울특별시', 9706, NOW(), 3, 'http://example.com/79', 9, '가공식품'),
    (80, 5, DATE_ADD(NOW(), INTERVAL FLOOR(7 + RAND() * 7) DAY), NULL, false, '의약폼', 0, '세종특별자치시', 16350, NOW(), 2, 'http://example.com/80', 9, '의약폼'),
    (81, 4, DATE_ADD(NOW(), INTERVAL FLOOR(7 + RAND() * 7) DAY), NULL, false, '가공식품', 2, '경기도', 6153, NOW(), 4, 'http://example.com/81', 9, '가공식품'),
    (82, 3, DATE_ADD(NOW(), INTERVAL FLOOR(7 + RAND() * 7) DAY), NULL, false, '쿠폰', 0, '세종특별자치시', 19532, NOW(), 5, 'http://example.com/82', 9, '쿠폰'),
    (83, 2, DATE_ADD(NOW(), INTERVAL FLOOR(7 + RAND() * 7) DAY), NULL, false, '전자기기', 1, '부산광역시', 9398, NOW(), 3, 'http://example.com/83', 9, '전자기기'),
    (84, 4, DATE_ADD(NOW(), INTERVAL FLOOR(7 + RAND() * 7) DAY), NULL, false, '기타', 1, '세종특별자치시', 16519, NOW(), 2, 'http://example.com/84', 9, '기타'),
    (85, 4, DATE_ADD(NOW(), INTERVAL FLOOR(7 + RAND() * 7) DAY), NULL, false, '의약폼', 1, '부산광역시', 17191, NOW(), 3, 'http://example.com/85', 9, '의약폼'),
    (86, 5, DATE_ADD(NOW(), INTERVAL FLOOR(7 + RAND() * 7) DAY), NULL, false, '기타', 3, '울산광역시', 14709, NOW(), 5, 'http://example.com/86', 9, '기타'),
    (87, 3, DATE_ADD(NOW(), INTERVAL FLOOR(7 + RAND() * 7) DAY), NULL, false, '기타', 2, '세종특별자치시', 7392, NOW(), 5, 'http://example.com/87', 9, '기타'),
    (88, 4, DATE_ADD(NOW(), INTERVAL FLOOR(7 + RAND() * 7) DAY), NULL, false, '의약폼', 4, '대전광역시', 14764, NOW(), 5, 'http://example.com/88', 9, '의약폼'),
    (89, 2, DATE_ADD(NOW(), INTERVAL FLOOR(7 + RAND() * 7) DAY), NULL, false, '가공식품', 0, '경기도', 8304, NOW(), 5, 'http://example.com/89', 9, '가공식품'),
    (90, 5, DATE_ADD(NOW(), INTERVAL FLOOR(7 + RAND() * 7) DAY), NULL, false, '의약폼', 0, '울산광역시', 10594, NOW(), 4, 'http://example.com/90', 9, '의약폼');

INSERT INTO post (post_type, id, board_id, created_date, is_modified, likes, modified_date, text, title, views, author_id, pending_trade_id)
VALUES
    ('MarketPost', 91, 3, '2024-09-26 07:49:55.412931', false, 3, '2024-09-26 07:49:55.412931', '음료/물에 대한 설명입니다.', '제목 91', 6, 1, 1),
    ('MarketPost', 92, 3, '2024-09-25 07:49:55.412999', false, 1, '2024-09-25 07:49:55.412999', '의약폼에 대한 설명입니다.', '제목 92', 20, 1, 2),
    ('MarketPost', 93, 3, '2024-09-24 07:49:55.413024', false, 20, '2024-09-24 07:49:55.413024', '기타에 대한 설명입니다.', '제목 93', 18, 1, 3),
    ('MarketPost', 94, 3, '2024-09-26 07:49:55.413046', false, 3, '2024-09-26 07:49:55.413046', '신선식품에 대한 설명입니다.', '제목 94', 10, 1, 4),
    ('MarketPost', 95, 3, '2024-09-24 07:49:55.413068', false, 2, '2024-09-24 07:49:55.413068', '의약폼에 대한 설명입니다.', '제목 95', 0, 1, 5),
    ('MarketPost', 96, 3, '2024-09-25 07:49:55.413091', false, 12, '2024-09-25 07:49:55.413091', '신선식품에 대한 설명입니다.', '제목 96', 19, 1, 6),
    ('MarketPost', 97, 3, '2024-09-29 07:49:55.413112', false, 2, '2024-09-29 07:49:55.413112', '의약폼에 대한 설명입니다.', '제목 97', 10, 1, 7),
    ('MarketPost', 98, 3, '2024-09-25 07:49:55.413136', false, 9, '2024-09-25 07:49:55.413136', '신선식품에 대한 설명입니다.', '제목 98', 4, 1, 8),
    ('MarketPost', 99, 3, '2024-09-25 07:49:55.413161', false, 4, '2024-09-25 07:49:55.413161', '전자기기에 대한 설명입니다.', '제목 99', 13, 1, 9),
    ('MarketPost', 100, 3, '2024-09-29 07:49:55.413184', false, 3, '2024-09-29 07:49:55.413184', '쿠폰에 대한 설명입니다.', '제목 100', 15, 1, 10),
    ('MarketPost', 101, 3, '2024-09-23 07:49:55.413206', false, 2, '2024-09-23 07:49:55.413206', '일회용품에 대한 설명입니다.', '제목 101', 7, 1, 11),
    ('MarketPost', 102, 3, '2024-09-24 07:49:55.413249', false, 7, '2024-09-24 07:49:55.413249', '의약폼에 대한 설명입니다.', '제목 102', 12, 1, 12),
    ('MarketPost', 103, 3, '2024-09-28 07:49:55.413271', false, 14, '2024-09-28 07:49:55.413271', '쿠폰에 대한 설명입니다.', '제목 103', 8, 2, 13),
    ('MarketPost', 104, 3, '2024-09-27 07:49:55.413296', false, 4, '2024-09-27 07:49:55.413296', '가공식품에 대한 설명입니다.', '제목 104', 16, 2, 14),
    ('MarketPost', 105, 3, '2024-09-28 07:49:55.413318', false, 20, '2024-09-28 07:49:55.413318', '전자기기에 대한 설명입니다.', '제목 105', 0, 2, 15),
    ('MarketPost', 106, 3, '2024-09-29 07:49:55.413353', false, 0, '2024-09-29 07:49:55.413353', '전자기기에 대한 설명입니다.', '제목 106', 2, 2, 16),
    ('MarketPost', 107, 3, '2024-09-25 07:49:55.413374', false, 6, '2024-09-25 07:49:55.413374', '전자기기에 대한 설명입니다.', '제목 107', 18, 2, 17),
    ('MarketPost', 108, 3, '2024-09-27 07:49:55.413397', false, 8, '2024-09-27 07:49:55.413397', '가공식품에 대한 설명입니다.', '제목 108', 7, 2, 18),
    ('MarketPost', 109, 3, '2024-09-26 07:49:55.413418', false, 14, '2024-09-26 07:49:55.413418', '전자기기에 대한 설명입니다.', '제목 109', 2, 2, 19),
    ('MarketPost', 110, 3, '2024-09-23 07:49:55.413442', false, 19, '2024-09-23 07:49:55.413442', '가공식품에 대한 설명입니다.', '제목 110', 16, 2, 20),
    ('MarketPost', 111, 3, '2024-09-28 07:49:55.413463', false, 11, '2024-09-28 07:49:55.413463', '전자기기에 대한 설명입니다.', '제목 111', 13, 2, 21),
    ('MarketPost', 112, 3, '2024-09-28 07:49:55.413484', false, 20, '2024-09-28 07:49:55.413484', '신선식품에 대한 설명입니다.', '제목 112', 16, 2, 22),
    ('MarketPost', 113, 3, '2024-09-29 07:49:55.413506', false, 6, '2024-09-29 07:49:55.413506', '신선식품에 대한 설명입니다.', '제목 113', 0, 2, 23),
    ('MarketPost', 114, 3, '2024-09-29 07:49:55.413527', false, 7, '2024-09-29 07:49:55.413527', '가공식품에 대한 설명입니다.', '제목 114', 1, 2, 24),
    ('MarketPost', 115, 3, '2024-09-27 07:49:55.413550', false, 6, '2024-09-27 07:49:55.413550', '기타에 대한 설명입니다.', '제목 115', 8, 3, 25),
    ('MarketPost', 116, 3, '2024-09-27 07:49:55.413571', false, 20, '2024-09-27 07:49:55.413571', '가공식품에 대한 설명입니다.', '제목 116', 14, 3, 26),
    ('MarketPost', 117, 3, '2024-09-28 07:49:55.413592', false, 6, '2024-09-28 07:49:55.413592', '기타에 대한 설명입니다.', '제목 117', 6, 3, 27),
    ('MarketPost', 118, 3, '2024-09-24 07:49:55.413615', false, 18, '2024-09-24 07:49:55.413615', '의약폼에 대한 설명입니다.', '제목 118', 13, 3, 28),
    ('MarketPost', 119, 3, '2024-09-28 07:49:55.413638', false, 15, '2024-09-28 07:49:55.413638', '기타에 대한 설명입니다.', '제목 119', 2, 3, 29),
    ('MarketPost', 120, 3, '2024-09-25 07:49:55.413662', false, 9, '2024-09-25 07:49:55.413662', '가공식품에 대한 설명입니다.', '제목 120', 3, 3, 30),
    ('MarketPost', 121, 3, '2024-09-27 07:49:55.413684', false, 11, '2024-09-27 07:49:55.413684', '가공식품에 대한 설명입니다.', '제목 121', 3, 3, 31),
    ('MarketPost', 122, 3, '2024-09-23 07:49:55.413706', false, 1, '2024-09-23 07:49:55.413706', '의약폼에 대한 설명입니다.', '제목 122', 1, 3, 32),
    ('MarketPost', 123, 3, '2024-09-27 07:49:55.413729', false, 4, '2024-09-27 07:49:55.413729', '일회용품에 대한 설명입니다.', '제목 123', 3, 3, 33),
    ('MarketPost', 124, 3, '2024-09-24 07:49:55.413751', false, 4, '2024-09-24 07:49:55.413751', '기타에 대한 설명입니다.', '제목 124', 19, 3, 34),
    ('MarketPost', 125, 3, '2024-09-23 07:49:55.413771', false, 19, '2024-09-23 07:49:55.413771', '음료/물에 대한 설명입니다.', '제목 125', 3, 3, 35),
    ('MarketPost', 126, 3, '2024-09-29 07:49:55.413792', false, 15, '2024-09-29 07:49:55.413792', '가공식품에 대한 설명입니다.', '제목 126', 15, 3, 36),
    ('MarketPost', 127, 3, '2024-09-25 07:49:55.413813', false, 14, '2024-09-25 07:49:55.413813', '의약폼에 대한 설명입니다.', '제목 127', 16, 4, 37),
    ('MarketPost', 128, 3, '2024-09-25 07:49:55.413834', false, 8, '2024-09-25 07:49:55.413834', '음료/물에 대한 설명입니다.', '제목 128', 3, 4, 38),
    ('MarketPost', 129, 3, '2024-09-25 07:49:55.413857', false, 12, '2024-09-25 07:49:55.413857', '기타에 대한 설명입니다.', '제목 129', 17, 4, 39),
    ('MarketPost', 130, 3, '2024-09-28 07:49:55.413881', false, 6, '2024-09-28 07:49:55.413881', '쿠폰에 대한 설명입니다.', '제목 130', 16, 4, 40),
    ('MarketPost', 131, 3, '2024-09-28 07:49:55.413903', false, 0, '2024-09-28 07:49:55.413903', '의약폼에 대한 설명입니다.', '제목 131', 2, 4, 41),
    ('MarketPost', 132, 3, '2024-09-26 07:49:55.413925', false, 12, '2024-09-26 07:49:55.413925', '가공식품에 대한 설명입니다.', '제목 132', 17, 4, 42),
    ('MarketPost', 133, 3, '2024-09-25 07:49:55.413949', false, 16, '2024-09-25 07:49:55.413949', '쿠폰에 대한 설명입니다.', '제목 133', 14, 4, 43),
    ('MarketPost', 134, 3, '2024-09-23 07:49:55.413972', false, 8, '2024-09-23 07:49:55.413972', '일회용품에 대한 설명입니다.', '제목 134', 18, 4, 44),
    ('MarketPost', 135, 3, '2024-09-25 07:49:55.413994', false, 3, '2024-09-25 07:49:55.413994', '전자기기에 대한 설명입니다.', '제목 135', 7, 4, 45),
    ('MarketPost', 136, 3, '2024-09-24 07:49:55.414018', false, 17, '2024-09-24 07:49:55.414018', '음료/물에 대한 설명입니다.', '제목 136', 13, 4, 46),
    ('MarketPost', 137, 3, '2024-09-27 07:49:55.414040', false, 15, '2024-09-27 07:49:55.414040', '의약폼에 대한 설명입니다.', '제목 137', 3, 4, 47),
    ('MarketPost', 138, 3, '2024-09-26 07:49:55.414064', false, 11, '2024-09-26 07:49:55.414064', '쿠폰에 대한 설명입니다.', '제목 138', 6, 4, 48),
    ('MarketPost', 139, 7, '2024-09-28 07:49:55.414091', false, 17, '2024-09-28 07:49:55.414091', '기타에 대한 설명입니다.', '제목 139', 10, 5, 49),
    ('MarketPost', 140, 7, '2024-09-26 07:49:55.414113', false, 5, '2024-09-26 07:49:55.414113', '전자기기에 대한 설명입니다.', '제목 140', 12, 5, 50),
    ('MarketPost', 141, 7, '2024-09-28 07:49:55.414137', false, 19, '2024-09-28 07:49:55.414137', '기타에 대한 설명입니다.', '제목 141', 16, 5, 51),
    ('MarketPost', 142, 7, '2024-09-26 07:49:55.414161', false, 14, '2024-09-26 07:49:55.414161', '전자기기에 대한 설명입니다.', '제목 142', 3, 5, 52),
    ('MarketPost', 143, 7, '2024-09-25 07:49:55.414184', false, 14, '2024-09-25 07:49:55.414184', '의약폼에 대한 설명입니다.', '제목 143', 19, 5, 53),
    ('MarketPost', 144, 7, '2024-09-28 07:49:55.414206', false, 4, '2024-09-28 07:49:55.414206', '의약폼에 대한 설명입니다.', '제목 144', 12, 5, 54),
    ('MarketPost', 145, 7, '2024-09-23 07:49:55.414229', false, 1, '2024-09-23 07:49:55.414229', '의약폼에 대한 설명입니다.', '제목 145', 8, 6, 55),
    ('MarketPost', 146, 7, '2024-09-29 07:49:55.414253', false, 13, '2024-09-29 07:49:55.414253', '쿠폰에 대한 설명입니다.', '제목 146', 13, 6, 56),
    ('MarketPost', 147, 7, '2024-09-24 07:49:55.414274', false, 16, '2024-09-24 07:49:55.414274', '의약폼에 대한 설명입니다.', '제목 147', 15, 6, 57),
    ('MarketPost', 148, 7, '2024-09-28 07:49:55.414297', false, 17, '2024-09-28 07:49:55.414297', '쿠폰에 대한 설명입니다.', '제목 148', 15, 6, 58),
    ('MarketPost', 149, 7, '2024-09-28 07:49:55.414319', false, 17, '2024-09-28 07:49:55.414319', '음료/물에 대한 설명입니다.', '제목 149', 6, 6, 59),
    ('MarketPost', 150, 7, '2024-09-25 07:49:55.414341', false, 0, '2024-09-25 07:49:55.414341', '일회용품에 대한 설명입니다.', '제목 150', 4, 6, 60),
    ('MarketPost', 151, 7, '2024-09-27 07:49:55.414363', false, 12, '2024-09-27 07:49:55.414363', '일회용품에 대한 설명입니다.', '제목 151', 17, 7, 61),
    ('MarketPost', 152, 7, '2024-09-24 07:49:55.414385', false, 3, '2024-09-24 07:49:55.414385', '신선식품에 대한 설명입니다.', '제목 152', 10, 7, 62),
    ('MarketPost', 153, 7, '2024-09-28 07:49:55.414409', false, 16, '2024-09-28 07:49:55.414409', '전자기기에 대한 설명입니다.', '제목 153', 17, 7, 63),
    ('MarketPost', 154, 7, '2024-09-24 07:49:55.414434', false, 14, '2024-09-24 07:49:55.414434', '전자기기에 대한 설명입니다.', '제목 154', 0, 7, 64),
    ('MarketPost', 155, 7, '2024-09-28 07:49:55.414459', false, 19, '2024-09-28 07:49:55.414459', '기타에 대한 설명입니다.', '제목 155', 6, 7, 65),
    ('MarketPost', 156, 7, '2024-09-26 07:49:55.414482', false, 1, '2024-09-26 07:49:55.414482', '가공식품에 대한 설명입니다.', '제목 156', 19, 7, 66),
    ('MarketPost', 157, 11, '2024-09-29 07:49:55.414507', false, 0, '2024-09-29 07:49:55.414507', '전자기기에 대한 설명입니다.', '제목 157', 2, 8, 67),
    ('MarketPost', 158, 11, '2024-09-24 07:49:55.414530', false, 9, '2024-09-24 07:49:55.414530', '기타에 대한 설명입니다.', '제목 158', 3, 8, 68),
    ('MarketPost', 159, 11, '2024-09-28 07:49:55.414551', false, 2, '2024-09-28 07:49:55.414551', '쿠폰에 대한 설명입니다.', '제목 159', 15, 8, 69),
    ('MarketPost', 160, 11, '2024-09-28 07:49:55.414575', false, 18, '2024-09-28 07:49:55.414575', '음료/물에 대한 설명입니다.', '제목 160', 7, 8, 70),
    ('MarketPost', 161, 11, '2024-09-27 07:49:55.414599', false, 9, '2024-09-27 07:49:55.414599', '전자기기에 대한 설명입니다.', '제목 161', 2, 8, 71),
    ('MarketPost', 162, 11, '2024-09-25 07:49:55.414623', false, 8, '2024-09-25 07:49:55.414623', '가공식품에 대한 설명입니다.', '제목 162', 12, 8, 72),
    ('MarketPost', 163, 11, '2024-09-29 07:49:55.414647', false, 8, '2024-09-29 07:49:55.414647', '일회용품에 대한 설명입니다.', '제목 163', 17, 8, 73),
    ('MarketPost', 164, 11, '2024-09-28 07:49:55.414672', false, 3, '2024-09-28 07:49:55.414672', '신선식품에 대한 설명입니다.', '제목 164', 11, 8, 74),
    ('MarketPost', 165, 11, '2024-09-25 07:49:55.414696', false, 20, '2024-09-25 07:49:55.414696', '쿠폰에 대한 설명입니다.', '제목 165', 5, 8, 75),
    ('MarketPost', 166, 11, '2024-09-23 07:49:55.414719', false, 4, '2024-09-23 07:49:55.414719', '기타에 대한 설명입니다.', '제목 166', 19, 8, 76),
    ('MarketPost', 167, 11, '2024-09-29 07:49:55.414743', false, 8, '2024-09-29 07:49:55.414743', '쿠폰에 대한 설명입니다.', '제목 167', 14, 9, 77),
    ('MarketPost', 168, 11, '2024-09-28 07:49:55.414765', false, 20, '2024-09-28 07:49:55.414765', '가공식품에 대한 설명입니다.', '제목 168', 20, 9, 78),
    ('MarketPost', 169, 11, '2024-09-29 07:49:55.414789', false, 7, '2024-09-29 07:49:55.414789', '가공식품에 대한 설명입니다.', '제목 169', 17, 9, 79),
    ('MarketPost', 170, 11, '2024-09-24 07:49:55.414813', false, 12, '2024-09-24 07:49:55.414813', '의약폼에 대한 설명입니다.', '제목 170', 4, 9, 80),
    ('MarketPost', 171, 11, '2024-09-27 07:49:55.414836', false, 4, '2024-09-27 07:49:55.414836', '일회용품에 대한 설명입니다.', '제목 171', 19, 9, 81),
    ('MarketPost', 172, 11, '2024-09-23 07:49:55.414858', false, 16, '2024-09-23 07:49:55.414858', '쿠폰에 대한 설명입니다.', '제목 172', 0, 9, 82),
    ('MarketPost', 173, 11, '2024-09-29 07:49:55.414883', false, 2, '2024-09-29 07:49:55.414883', '가공식품에 대한 설명입니다.', '제목 173', 11, 9, 83),
    ('MarketPost', 174, 11, '2024-09-27 07:49:55.414906', false, 12, '2024-09-27 07:49:55.414906', '의약폼에 대한 설명입니다.', '제목 174', 7, 9, 84),
    ('MarketPost', 175, 11, '2024-09-29 07:49:55.414928', false, 9, '2024-09-29 07:49:55.414928', '일회용품에 대한 설명입니다.', '제목 175', 1, 9, 85),
    ('MarketPost', 176, 11, '2024-09-28 07:49:55.414952', false, 8, '2024-09-28 07:49:55.414952', '가공식품에 대한 설명입니다.', '제목 176', 19, 9, 86),
    ('MarketPost', 177, 11, '2024-09-24 07:49:55.414975', false, 10, '2024-09-24 07:49:55.414975', '쿠폰에 대한 설명입니다.', '제목 177', 6, 9, 87),
    ('MarketPost', 178, 11, '2024-09-24 07:49:55.414998', false, 6, '2024-09-24 07:49:55.414998', '신선식품에 대한 설명입니다.', '제목 178', 9, 9, 88),
    ('MarketPost', 179, 11, '2024-09-27 07:49:55.415021', false, 2, '2024-09-27 07:49:55.415021', '의약폼에 대한 설명입니다.', '제목 179', 1, 9, 89),
    ('MarketPost', 180, 11, '2024-09-25 07:49:55.415165', false, 4, '2024-09-25 07:49:55.415165', '가공식품에 대한 설명입니다.', '제목 180', 4, 9, 90);

INSERT INTO pending_trade_member (pending_trade_id, member_id)
VALUES (1, 2),
       (1,3),
       (1, 4),
       (2, 2),
       (3, 3);
